,Unnamed: 0,date,text,sentiment,New sentiment
0,1,2018-10-14,AAPL at the top of it's range - #AAPL chart https://t.co/yttLWQHMsB,0.27735009811261496,0.5
1,2,2018-10-13,The Big Five FAANG Stock and Sector Service is now posted for Sunday https://t.co/bihMz399my        #AMZN #AAPL #FB #NFLX #TSLA #GOOGL and  Sector Funds - #IBB #IYR #XLE #XLE #XLF #XLK #XRT  #FAANG,0.0422577127364258,0.0
2,3,2018-10-13,"Big tech companies in trouble? #TSLA and #FB are leading the crisis. https://t.co/zwsTqpD3nP
#tesla #facebook #aapl #apple #stock #investing https://t.co/CHBh2Md7fp",-0.106188821283367,-0.1
3,4,2018-10-13,"Market losses in USA were widespread, and stocks that have been the biggest winners on the market suffered steep declines. #Apple and #Amazon, the two most valuable companies in the S&amp;P 500, each had their worst day in two and a half years. #SQQQ gained % as #AAPL and #AMZN fell.",-0.136952211143295,-0.2222222222222222
4,5,2018-10-13,#Apple Assails #Australian Anti-#Encryption Bill As ‘Dangerously Ambiguous’ https://t.co/9I8dx4I3lO via @HotHardware #Privacy #Security #AAPL,-0.545544725589981,-0.3
5,6,2018-10-13,Watch the DTF Trading Video Course for FREE now.. https://t.co/7Xt1cHLVQi  Over 8 hours of #Stockmarket content all for #FREE #ES_F #SPY #SPX #Marketprofile #FANG #AAPL #NFLX #TSLA #GOOGL #SDS #AMZN,0.19333333333333302,0.4
6,7,2018-10-13,"#Apple : 
Apple shares outperforming tremendously the mighty SP500 Index on a Relative Basis (Daily ratio of AAPL / #SPY #ETF ). 
Reached New High Ever last week.
$AAPL #Trading #investing #aapl #stocks https://t.co/UITXSwLJdt",0.296635002981343,0.14709956709956712
7,8,2018-10-13,#Apple Assails Australian Anti-Encryption Bill As #DangerouslyAmbiguous https://t.co/RKPKdrr4ro via @HotHardware #AAPL #security #privacy,-0.235702260395516,0.0
8,9,2018-10-13,"#Nasdaq 100 #ETF #QQQ 
Broke the Weekly Uptrend Channel. Weekly Bearish Engulfing Pattern 2 weeks ago (ellipse). Still Into a Weekly Megaphone Trading Pattern (red trendlines).
$QQQ<U+200B> #Trading #investing #aapl #stocks #Technology #spy https://t.co/uoyA7cGoa9",-0.18492968598115198,0.0
9,10,2018-10-13,@tab354 @ICannot_Enough @ravenvanderrave #amazon never made any money for 15 years. Jusr wait for 3rd Q results onwards. In next 5 years #tesla will be similar to #aapl profits in smartphones. <U+0001F600>,-0.11770159971755101,0.0
10,11,2018-10-13,"If you manage your positions well, even during the largest point of decline ever for $DJIA $DIA, you dont lose too badly. $SPY $SPX #SP500 #QQQ #AAPL https://t.co/bEnzVe2thg",0.16869403882067002,-0.6999999999999998
11,12,2018-10-13,"Mac Rumors: New iPad Pro Models Spotted in Analytics With Same Resolutions as Current 10.5-Inch and 12.9-Inch Models 
https://t.co/HZz4pexF7k

#iPadPro #newmodel #tablet #Apple
#AAPL #<U+F8FF> #rumors",0.109544511501033,0.04545454545454545
12,13,2018-10-13,*furiously runs to buy #AAPL,-0.4472135954999579,0.0
13,14,2018-10-13,"Nick - we are only 1 part of the equation, you did it on your own, congrats on the #AAPL calls! Killer trade frm $.33 to $2.1!<U+0001F4B0>
#OptionPros https://t.co/N3nXV5fCpX",-0.0360478053536009,0.375
14,15,2018-10-13,Anki's 'Vector' Home Robot Now Available for Purchase https://t.co/2rs5lB8fJ6 #AAPL,0.271108834234519,0.4
15,16,2018-10-12,"How to Enter DFU Mode on iPhone 8, iPhone X, iPhone XS, iPhone XS Max, and iPhone XR When Recovery Mode Doesn't Work https://t.co/7Xrc3Zi4b8 #AAPL",-0.0928476690885259,0.0
16,17,2018-10-12,"Great way to end the week indeed! ""Wow"" is right! :) #AMZN #SPY #VXX #AAPL

#OptionPros Alerts <U+0001F6A8>JOIN US! So much to learn &amp; earn w/ us! https://t.co/NKQFkOp5jZ",0.31806010282945196,0.46642857142857147
17,18,2018-10-12,@ScottWapnerCNBC #CarterWorth @GuyAdami @timseymour @karenfinerman Is it me or did C-worth say at 2600SP with a rising wedge that we would fail and then we ran to a new high? Didn’t C-worth call a head$S pattern on #AAPL at $185? Didn’t Carter Braxton Worth say those things?,0.231800567767642,0.024090909090909086
18,19,2018-10-12,Upcoming 2018 iPad Pro Could Be 5.9mm Thick With No Headphone Jack https://t.co/6ZbuWuMRmy #AAPL,-0.35,-0.30000000000000004
19,20,2018-10-12,"$AAPL closes above its opening price after recovering from early selling pressure: https://t.co/hXSFDOENo2
Sentiment: Slightly bullish #AAPL #Apple",-0.144023807555755,-0.022222222222222216
20,21,2018-10-12,"You may want to consider the stocks rn, in preparation for the holiday season.  #URBN #NKE #AMZN #SKX #UAA #FIVE #AAPL #WMT #M <U+0001F440>",0.11667264496683599,0.0
21,22,2018-10-12,"Weekly chart of $AAPL
This potential red trend looks like a nightmare! #Apple #StockMarket #AAPL https://t.co/WWcnmVe36Z",0.0236289112071082,0.0
22,23,2018-10-12,Apple Criticizes Proposed Anti-Encryption Legislation in Australia https://t.co/PwVuEnxvvN #AAPL,-0.499230176602706,0.0
23,24,2018-10-12,"Simplified and direct prices information about the stocks of some of the most important companies is at our page https://t.co/AaptbKUFDN check it out
#stocks #trading #prices #information #BAC #AAPL #NFLX #TSLA #NVDA #FB #MSFT #IBM #AMD #INTC #AMZN #GOOGL #DIS #TWTR",0.48091059460153296,0.3333333333333333
24,25,2018-10-12,MacRumors Giveaway: Win a 'Dockit W3' Handmade iPhone and Apple Watch Dock from WhyWood https://t.co/RdwDMJiSkj #AAPL,0.11470786693528098,0.8
25,26,2018-10-12,New iPad Pro Models Spotted in Analytics With Same Resolutions as Current 10.5-Inch and 12.9-Inch Models https://t.co/9ZUkVyA6sN #AAPL,0.383761289440099,0.04545454545454545
26,27,2018-10-12,and strong volume made use of liquidity. wall after wall. #AAPl #Bulls https://t.co/IhRyYwuhiY,0.0922698564505272,0.4333333333333333
27,28,2018-10-12,#Apple #AAPL has been recovering but if the count is right then there should be one more leg down before a wider retrace. https://t.co/HSKc385bJC,0.22574639520723,0.21005291005291005
28,29,2018-10-12,Top 7 5G Stocks To Play The 5G Boom Starting In 2019 #AAPL #AMZN #BABA #BIDU #CHL #CSCO #ERIC #F #GOOG #GOOGL #HPE #HXSCL #IBM #INTC #IQ #LNVGY #MOMO #MSFT #MU #NFLX #NOK #QCOM #S #SSNLF #SWKS #T #TCEHY #TMUS #VZ #YY #MattBohlsen https://t.co/b0XxbXW3dv https://t.co/fc9PZqsvSI,0.0832050294337844,0.25
29,30,2018-10-12,Apple Files Patent to Detect Phone Calls From Spoofed Numbers - FORTUNE $AAPL #AAPL https://t.co/84BoD7kyQK,0.200346921336188,0.0
30,31,2018-10-12,Sygic's 'Car Navigation: GPS &amp; Maps' iOS App Introduces CarPlay Support https://t.co/K8px0peYWl #AAPL,0.117851130197758,0.0
31,32,2018-10-12,Stockholm's New City Council Opposes Planned Apple Store at Kungsträdgården https://t.co/TeRcKkv8rT #AAPL,0.28284271247461895,0.13636363636363635
32,33,2018-10-12,"Apple Planning to Launch New Clear Case for iPhone XR, Priced Around $40 https://t.co/rU4bBoeN8Y #AAPL",0.332652814112315,0.1181818181818182
33,34,2018-10-12,"<U+0001F4CD><U+0001F4AC> 

I <U+2665><U+FE0F> AAPL Customer Support Chat <U+0001F4AC>, 
Always Convincing.
—
#aapl #aapltrdng #CustomerService #customersupport #talkto https://t.co/s5zQxIWCsl",0.268125059913815,0.5
34,35,2018-10-12,#Giveaway #win #contest #Trump #CFLGameDay #ContestAlert #Apple #appleNews #appleEvent #AAPL #BlackOut  Monthly Giveaway https://t.co/HYPNix2GVL via @choosybookworm,0.0335410196624968,0.8
35,36,2018-10-12,#Giveaway #win #contest #Trump #CFLGameDay #ContestAlert #Apple #appleNews #appleEvent #AAPL #BlackOut  iDrop News is giving away an iPhone X in November. Enter to win now. https://t.co/ddNR6cDpTO,0.119075252694437,0.8
36,37,2018-10-12,"#Giveaway #win #contest #Trump #CFLGameDay #ContestAlert #Apple #appleNews #appleEvent #AAPL #BlackOut  iDrop News is giving away a 10.5"" iPad Pro, enter to win now. https://t.co/9zOiD4mf9V",0.216188584119827,0.8
37,38,2018-10-12,$AAPL Apple takes control of iPhone battery production with Dialog Semiconductor deal https://t.co/iVALoGLzqW via @proactive_UK  #AAPL #brighterir #AndrewScottTV #CapitalNetwork1,0.17723725194851397,0.0
38,39,2018-10-12,#Giveaway #win #contest #Trump #CFLGameDay #ContestAlert #Apple #appleNews #appleEvent #AAPL #BlackOut  iDrop News is giving away an Apple Watch Series 3 in December. enter to win now! https://t.co/5HFhWmklEm,0.118366751066879,0.9
39,40,2018-10-12,#Giveaway #win #contest #Trump #CFLGameDay #ContestAlert #Apple #appleNews #appleEvent #AAPL #BlackOut  iDrop News is giving away a free iPhone XS Max in February! Enter to win now. https://t.co/nptldaEYwT,0.15451175095702402,0.7000000000000001
40,41,2018-10-12,Instagram Testing Tap-to-Advance Instead of Scrolling Through Posts https://t.co/Lxr6gFsBGA #AAPL,0.2,0.0
41,42,2018-10-12,"Power of #Fibonacci Now and Before #SP500, #AAPL, #Oil, #Gold, #GOOG, #TSLA, #EURUSD https://t.co/gloKVHPx2x",0.117851130197758,0.0
42,43,2018-10-12,Apple closed at $214.45 #AAPL #Bearish https://t.co/aZg3rEvaDR,-0.31622776601683805,-0.1
43,44,2018-10-12,"New analyst report: Upgrade interest among global iPhone users has risen 'significantly'
BGR - 2d ago $AAPL #Upgrade #AAPL #iPhoneOnVerizon #tech #iPhoneXSMax #iPhoneXS #iOS #iphonepreorder #iPhoneXR #IT #applepreorder_updates #IOS12 #iOSDev #mededchat #AI https://t.co/AFiJaoPRew",0.325,0.17045454545454544
44,45,2018-10-12,"VoiceOver, the little-known iPhone feature that lets blind people see with their fingers! #AAPL  https://t.co/tY8ao8E4RW",-0.255221410864953,-0.625
45,46,2018-10-12,Nintendo's New Dragalia Lost Game Earned $16 Million in Two Weeks https://t.co/P6hKoJVF7v #AAPL,0.0121267812518167,-0.13181818181818183
46,47,2018-10-12,Kaspersky Lab Says Report Claiming China Hacked Apple's Former Server Supplier is Likely 'Untrue' https://t.co/FCOQNprht6 #AAPL,-0.137649440322337,0.0
47,48,2018-10-12,$aapl megáfonos y soportes est´sticos y dinámicos  - gráfico #AAPL https://t.co/mvXSlEyRFY,-0.0606339062590832,0.0
48,49,2018-10-11,Apple's Covent Garden Store in London to Reopen on October 26 https://t.co/SbI3YLv1pV #AAPL,0.1455213750218,0.0
49,50,2018-10-11,"$AAPL pulls back from highs giving back most intraday gains: https://t.co/6X3xxJE9VZ
Sentiment: Slightly bearish #AAPL #Apple",0.250950573771391,0.08333333333333334
50,51,2018-10-11,My takeaway from this bloody mess is: #AAPL Apple <U+0001F34F> Strong!! While others struggle. The only safe be to #BTFD and rest easy over the weekend. Others not so much. #AMZN Amazon has proven disappointing in the face of the fray. #Leadershipthatworks,-0.15382088184910098,0.029427083333333312
51,52,2018-10-11,#AAPL - Shopping in America = APPLE - TradingView - https://t.co/Uu3hTCPZwI,0.12060453783110499,0.0
52,53,2018-10-11,Apple Says iOS 12 is Now Installed on 53% of Active Devices https://t.co/AMpmhswQn3 #AAPL,0.0645497224367903,-0.13333333333333333
53,54,2018-10-11,"FAANG stocks Facebook, Apple, Amazon, Netflix and Alphabet are on a downward trend, Michael Carr shares why....
https://t.co/9dsvw1TzWr
#FAANG #VIX #SP500 #Stocks #StockMarket #AAPL #NFLX #GOOG #AMZN #BearMarket #MarketCrash",0.0661741875411597,0.0
54,55,2018-10-11,"FAANG stocks Facebook, Apple, Amazon, Netflix and Alphabet are on a downward trend, Michael Carr shares why....
https://t.co/RW1NQMAs0P
#FAANG #VIX #SP500 #Stocks #StockMarket #AAPL #NFLX #GOOG #AMZN #BearMarket #MarketCrash",0.0661741875411597,0.0
55,56,2018-10-11,"Just bought 5 more shares of #AAPL @Apple stock! 
#financialfridays
#mentorshipmondays 
https://t.co/g3pn7vQxPc",0.0347272653809676,0.625
56,57,2018-10-11,Do people even use tablets (iPads <U+0001F61D>) anymore! Hasn’t that fad passed? Aren’t most people using a surface or netbook? #AAPL #CNBC https://t.co/WxwEaSVVcM,-0.0513469662208257,0.5
57,58,2018-10-11,Apple Registers New iPad Models and' Bluetooth Device' in China https://t.co/o6n0MGQzVr #AAPL,0.19402850002906602,0.13636363636363635
58,59,2018-10-11,New Apple Maps Cars Spotted in Los Angeles https://t.co/uYjFuK4iOw #AAPL,0.21380899352993998,0.13636363636363635
59,60,2018-10-11,Apple To Buy Part Of Supplier Dialog's Business In $600 Million Deal   https://t.co/L1MTe5E2a5   #aapl,0.0573539334676404,0.0
60,61,2018-10-11,"FAANG stocks Facebook, Apple, Amazon, Netflix and Alphabet are on a downward trend, Michael Carr shares why....
https://t.co/7geRqDlVsb
#FAANG #VIX #SP500 #Stocks #StockMarket #AAPL #NFLX #GOOG #AMZN #BearMarket #MarketCrash",0.0661741875411597,0.0
61,62,2018-10-11,Apple Expands Its Elk Grove Campus in California https://t.co/IqA3IIZBTU #AAPL,0.173719807243076,0.0
62,63,2018-10-11,"Apple buys Danish real-time mixed reality computer vision startup Spektral for $30 million in augmented reality push
https://t.co/XnZLKNZTRG

#JOVRNALISM
#AR #ARind #ARbiz #ARtech
#MR #MRind #MRbiz #MRtech
#journalism #jind #jbiz #jtech
#ML #CV #Apple #AAPL $AAPL
#Journalism360",0.142302494707577,0.0
63,64,2018-10-11,A REAL EXAMPLE OF HOW THE ARORA REPORT SIDE STEPPED BIG LOSSES $#AMZN $#AAPL $… https://t.co/0neXCz7izL #stockmarket,-0.12298373876248801,0.1
64,65,2018-10-11,Apple Music Partners With Lyric Database Genius https://t.co/V1dVVOhQxZ #AAPL,0.30508510792387605,0.25
65,66,2018-10-11,High margin and not high volume products have no future! #AAPL is running on borrowed time. Low margin high volume is always the winner!!!! #CNBC https://t.co/8yTX7mBZ4T,0.21920404166667604,0.094125
66,67,2018-10-11,Discover Cashback Debit Cards Now Work With Apple Pay https://t.co/BdmT2wQ1LC #AAPL,0.2375,0.0
67,68,2018-10-11,CVS Pharmacy Now Accepting Apple Pay in Stores https://t.co/GVM3q6hIJS #AAPL,0.129099444873581,0.0
68,69,2018-10-11,"Developers’ Opinion of Mac App Store Improving, but Many Still Unhappy With Lack of Upgrade Options and Free Trials https://t.co/XFcfiutdSP #AAPL",-0.353134771251242,0.10000000000000002
69,70,2018-10-11,Great business decision by @CVSHealth. It took FOUR years to come to their senses.... but I will return now. <U+0001F4F1> #AAPL #ApplePay https://t.co/lPqRmIy2od,0.102693932441651,0.8
70,71,2018-10-11,"Pocket Updated With Text-to-Speech 'Listen' Feature, Turning Articles Into Podcasts https://t.co/BO9TCxEVBU #AAPL",0.058925565098879,0.0
71,72,2018-10-11,Apple Acquires iPhone Power Management Technology in $600 Million Deal With Chipmaker Dialog https://t.co/81Z9NMVaup #AAPL,0.176776695296637,0.0
72,73,2018-10-11,#SocialMedia: #E2E: Is a global move of #users away from #WhatsApp &amp; into #Signal beginning to accelerate? https://t.co/qzoSZuzY8C https://t.co/tn1rR4hdCh #1ab #EndToEndEncryption #encryption #EncryptionTools #OpenWhisperSystems #code #coding #BrianActon #AMZN #AAPL #GOOG #FB #EU https://t.co/DB3Z8P8Fq9,0.0514478005643965,0.0
73,74,2018-10-11,"<U+0001F468><U+0001F3FB><U+200D><U+0001F4BB>2000s trader: 
60% studies
30% trades
10% tweets

<U+0001F468><U+0001F3FC><U+200D><U+0001F4BB>2018 trader
90% tweets
5% trolls
5% trades

Am I wrong?

#trading #cryptotrading #nasdaq #DowJones #btc #aapl #amzn #btc",-0.118144556035541,-0.5
74,75,2018-10-11,#AAPL #MSFT #TLSA #MSFT RISK....#dj   #Forex #fxsignals #Markets #Finance #cfd #Investing #stocks #trading advisory Via ADSS Trading Support Team 24 Hrs. #TradingYourWay #Cryptocurrencies @ADSSGROUP #OREX #FXTRADING https://t.co/2imKqXn7a0,-0.0178617779443529,0.0
75,76,2018-10-11,Apple to Donate to Hurricane Michael Relief Efforts https://t.co/oFNpWrV6wH #AAPL,-0.0801783725737273,0.0
76,77,2018-10-11,#AAPL CORRECTED TO $217 ZONE ENJOY BEAR PARTY :),0.28347335475692,0.45
77,78,2018-10-11,The Big Five FAANG Stock and Sector Service is now posted for Wednesday https://t.co/bihMz399my        #AMZN #AAPL #FB #NFLX #TSLA #GOOGL and  Sector Funds - #IBB #IYR #XLE #XLE #XLF #XLK #XRT  #FAANG,0.0422577127364258,0.0
78,79,2018-10-11,"Heck With The #Stockmarket #googl #aapl
Don't Let today's #StockMarketCrash Control You..
Bet on Yourself..
#Amazon Wants You To Succeed So They Can Make More Money ..
Here's The Secret #BluePrint That Was Five Years In The Making
*Limited Availability*
https://t.co/1K6Wf2Jier https://t.co/nApRbeWvMg",0.0646653095352748,0.05714285714285713
79,80,2018-10-11,"How to Recover Files, Contacts, Bookmarks, Calendars and Reminders in iCloud https://t.co/QOEHFRz3nk #AAPL",0.24253562503633302,0.0
80,81,2018-10-10,"Curved screen setup to watch as the market bleeds red after breaking the uptrend.
.
.
.
#daytrading #daytrader #spyoptions #spy #thespyisfalling #apple #AAPL #bullsandbears #lookoutbelow #optionstrading #options $AAPL $SPY https://t.co/xNq5MxVyDk",-0.12958770593861998,0.0
81,82,2018-10-10,Benefits of a huge market selloff? Great entry points for buyers to get in on some great stocks. @Stash is a great opportunity to use this app to make partial purchases on the dips. #AMZN #BABA #AAPL #ATVI #NASDAQ,0.24707369395387102,0.5399999999999999
82,83,2018-10-10,"FREE CONTENT--&gt; A terminology guide filled with definitions and terms that all investors need to know. Enjoy!
 
https://t.co/C0PFy5EB6J
 
#daytrader #swingtrader #protrading #stockmarket #hotstocks #bitcoin #stockoptions #pennystocks #SQ #AMZN #FB #AAPL #MU #NXTD #USO #TVIX https://t.co/RiHCvVl7Ai",0.41034003651097,0.43333333333333335
83,84,2018-10-10,Apple's Mac Sales Down in Q3 2018 Amid a Lack of Updates https://t.co/wxXx7n1tVC #AAPL,-0.176776695296637,-0.15555555555555559
84,85,2018-10-10,#AAPL has only one way to go and that’s down! They will never recover from today’s losses and they only have themselves to blame because they think high margin lower volume products sold to people who are not price sensitive is the path to success!!!   #CNBC,0.0122061546837862,0.10858217592592594
85,86,2018-10-10,How could they give stuff away! What an absolute waste of money! Doesn’t #AAPL understand that the road to profit is paved by low margin high volume products? Somebody fire Tim Cook! Especially after a day like today! #CNBC https://t.co/XLGBceVWdo,0.0637183833107733,0.030000000000000006
86,87,2018-10-10,"$AAPL breaks below 50-day moving average: https://t.co/llKMMsZbE2
Sentiment: Very bearish #AAPL #Apple",-0.568037557443755,0.02500000000000001
87,88,2018-10-10,Apple to Offer Original TV Content Free to Apple Device Owners https://t.co/RHkzAT0zE4 #AAPL,0.2910427500436,0.3875
88,89,2018-10-10,Today was a beautiful day in the markets! If you can't make money when stocks drop you don't know how to make money! Period! #AAPL #AMZN #SPY #TSLA #SHLD,-0.00305703283542016,1.0
89,90,2018-10-10,Like if you’re bagholding #amzn #nflx #tsla #fb #aapl #baba #nvda #stockcrash #marketcrash #CryptoNews #amazon #netflix #bidu #bitcoin #tesla #nvidia https://t.co/z4NOV9JuaF,0.0962250448649376,0.0
90,91,2018-10-10,Still 3.50 bucks till the lowest low of the past 20 days gets hit in #AAPL and 10.50 bucks till the lowest low of the past 40 days gets hit https://t.co/02Ay4uhbUQ #trendfollowing https://t.co/Vi8Nmc12Uo,-0.32444284226152503,-0.125
91,92,2018-10-10,"no real recovery until NDX hits near 6800 later in October. don't chase this dip, do not BTFD, you will get run over by a steam roller. stay safe. #ndx #qqq #spy #dia #rut #nasdaq #nflx #aapl #amd #nvda #amzn https://t.co/Jjvv06e2q0",0.0962797298420768,0.125
92,93,2018-10-10,AT&amp;T's WarnerMedia to Launch New Streaming Service in Fourth Quarter of 2019 https://t.co/t7gmocE5n1 #AAPL,0.15652475842498498,0.06818181818181818
93,94,2018-10-10,Apple Releases Safari Technology Preview 67 With Bug Fixes and Feature Improvements https://t.co/dhKN6AyNRM #AAPL,0.0970142500145332,0.0
94,95,2018-10-10,$AAPL FAANG Report: Apple hit by Chinese fraud rings; Facebook struggles in war against fake news https://t.co/JgfytM3f90 via @proactive_ca  #AAPL #brighterir #stevedarling #CapitalNetwork1,-0.42521003213538106,-0.25
95,96,2018-10-10,$AAPL FAANG Report: Apple hit by Chinese fraud rings; Facebook struggles in war against fake news https://t.co/UA7FdID2fQ via @proactive_NA  #AAPL #brighterir #christicorrado #CapitalNetwork1,-0.417814510898367,-0.25
96,97,2018-10-10,$AAPL FAANG Report: Apple hit by Chinese fraud rings; Facebook struggles in war against fake news https://t.co/KGjzVeO4M3 via @proactive_UK  #AAPL #brighterir #AndrewScottTV #CapitalNetwork1,-0.42521003213538106,-0.25
97,98,2018-10-10,Astropad's Luna Display for Turning an iPad Into a Second Screen for Mac is Now Available https://t.co/9rdsghZ74T #AAPL,0.170560573084488,0.2
98,99,2018-10-10,"Tech is fucking ugly, sell off as excepted from last week due to overbought &amp; etc. However this month earnings will be interesting. $NFLX $IBM $LRCX $CAT $MMM $V $BA $AMZN $GOOGL $MSFT $FB #AAPL $BIDU $TSLA $SPOT",-0.0543772906041614,-0.08124999999999999
99,100,2018-10-10,Waze Rolling Out Support for Separate Carpool App Nationwide https://t.co/yICVwK3CAO #AAPL,0.129099444873581,0.0
100,101,2018-10-10,NSA Senior Advisor Latest to Question Report Claiming China Hacked Apple's Former Server Supplier https://t.co/Lw7dX55GLo #AAPL,-0.130930734141595,0.25
101,102,2018-10-10,"con #AAPL en 223, y luego de que Vertical Group recomendara Vender el lunes, JP Morgan apuesta y recomienda Overweight (compra moderada) con target en 272. #APPLE #IPHONE #APPLEWATCH",-0.11138775564400699,0.0
102,103,2018-10-10,Apple Inc is doomed. $AAPL dropped by 1.362%! Currently priced at 223.78. https://t.co/3BFG3rvRUR #AAPL,-0.22963061381630398,0.0
103,104,2018-10-10,"Getting back into the stock market. #SNAP #AAPL #Investing #stockstowatch

Join Robinhood and we'll both get a stock like Apple, Ford, or Sprint for free. Make sure you use my link. https://t.co/vLt0BeQTnR",0.131702189469537,0.3
104,105,2018-10-10,"Apple Has Acquired Danish Startup Spektral, Focused on Real-Time 'Green Screen' Technology https://t.co/DCxEdoKOB5 #AAPL",0.48554665641476297,-0.2
105,106,2018-10-10,How to Secure Your Instagram Account With Two-Factor Authentication https://t.co/nMTlkKEin7 #AAPL,0.129099444873581,0.4
106,107,2018-10-10,@verizon That’s where Apple is winning. No network would ever offer BOGO at the time of new iPhone release. #AAPL,0.168617551645559,0.3181818181818182
107,108,2018-10-10,New Google Photos 'Live Albums' Share Pictures of People and Pets Automatically https://t.co/INYKsZK4E6 #AAPL,0.306412938514171,0.13636363636363635
108,109,2018-10-10,"Think it over #AAPL
#APPLE
@prrobin @BrainandMoney @MONETARY_MAYHEM @Mr_DrinksOnMe @RayDalio @TraderBolsa @TraderHMS https://t.co/vxx1q6NzOe",0.0894427190999916,0.0
109,110,2018-10-10,@tim_cook https://t.co/JLDN8nHTsh just not good enough Tim. Your Apple Canada team have handled this appallingly. #AAPL,-0.17577453085262398,-0.2333333333333333
110,111,2018-10-10,"#Apple  #AAPL  is trying to find support at 226$.  If Buls can close a candle  on 1hr chart above $228 levels, the road till $232 , $236 and $240 is clear. RSI and MFI sho good support. https://t.co/1rCItrhF16",0.21091803063713,0.26666666666666666
111,112,2018-10-10,TAcademy will give Auto  trading signals on #AMZN #AAPL #MSFT  #CSCO #Visa #Mastercard  #GOLD  #Silver  on #NASDAQ  and #NYSE,0.11470786693528098,0.0
112,113,2018-10-10,The Apple Watch learned to detect falls using data from real human mishaps! #AAPL  https://t.co/roviEWldXO,-0.0227019235681114,0.0
113,114,2018-10-10,"How to Force Restart iPhone X, iPhone XS, iPhone XS Max, and iPhone XR https://t.co/OoBXUQsnfJ #AAPL",-0.137649440322337,0.0
114,115,2018-10-10,How to Access Control Center and Home Screen in iOS 12 With the iPad's New Gestures https://t.co/8NqZtUH7lT #AAPL,0.229128784747792,0.018181818181818174
115,116,2018-10-10,How to Force Restart iPhone 7 and iPhone 7 Plus https://t.co/MrUsUwHdnD #AAPL,-0.16641005886756902,0.0
116,117,2018-10-09,The top 10 books on Apple's iBooks-US $AAPL #AAPL #Booksandliterature #Entertainment #Publishing https://t.co/jRsGErToLm,0.45,0.5
117,118,2018-10-09,The top 10 movies on the iTunes Store $AAPL #AAPL #Movies #Mediadistribution #Media https://t.co/sPRC2lfeMU,0.24253562503633302,0.5
118,119,2018-10-09,Hands-On With Google's New Pixel 3 and Pixel 3 XL Smartphones https://t.co/lrtjQlynPG #AAPL,0.20655911179772898,0.13636363636363635
119,120,2018-10-09,@AllThtRemainRS @option_snipper #AAPL closed towards the high of the day. Short term MA's all point up.,0.0658122476114994,0.02
120,121,2018-10-09,"Stardew Valley Coming to iOS on October 24, Pre-Orders Available Now https://t.co/fHh8XM62CQ #AAPL",0.18856180831641298,0.4
121,122,2018-10-09,"4/6 today,(winners) $AMRN short, $NFLX long, $TSLA short, $SQ long, (losers) $COST short, #AAPL long(chase), still a good greeb day for the action considering",0.16,0.062499999999999986
122,123,2018-10-09,"$AAPL pushes through prior session high: https://t.co/VPPL85fcEW
Sentiment: Bullish #AAPL #Apple",-0.20655911179772898,0.08
123,124,2018-10-09,Spark Email App Gains Support for Siri Shortcuts https://t.co/mWtrY3qIq5 #AAPL,0.293987366103667,0.0
124,125,2018-10-09,Apple Said to Have 'Dramatically Reduced' Multi-Billion-Dollar iPhone Repair Fraud in China https://t.co/CAcTrnO93t #AAPL,-0.167705098312484,0.0
125,126,2018-10-09,"RBC, Bank Of America Surveys Paint Bullish Picture Ahead Of Apple's Q4 Print: Apple Inc. (NASDAQ: #AAPL) is scheduled to report its fiscal fourth quarter and full-year results Thursday, Nov. 1 at a time when investor sentiment is ""largely neutral to even… https://t.co/jglgZLXLYN https://t.co/IaHh5MYKS3",0.0350070021007002,0.10714285714285714
126,127,2018-10-09,'Carpool Karaoke: The Series' Season 2 Set to Launch on October 12 https://t.co/WT9hRHfKiu #AAPL,-0.025,0.0
127,128,2018-10-09,"Google Announces Pixel 3 Smartphone, 'Home Hub' Smart Speaker, and Pixel Slate Tablet https://t.co/r00YXkAr0G #AAPL",0.11470786693528098,0.21428571428571427
128,129,2018-10-09,"@HalftimeReport @ScottWapnerCNBC @petenajarian @jonnajarian @Stephanie_Link @terranovajoe Honest question...if #AMZN #MSFT #AAPL especially #AMZN since nobody understands that they under earn on purpose so the PE is <U+0001F4A9> to value this, but if it makes a new high this ER or next...",0.35338988461387605,0.17927272727272728
129,130,2018-10-09,"...then everyone will come (@jonnajarian) #scrambling in to buy tech stocks, the earnings will make any “value” stock look stupid, and the large names like #MSFT #AAPL #AMZN that everyone is selling r cheap. All these people saying out of favor for tech longer than they think...",-0.0169328324232959,-0.06190476190476187
130,131,2018-10-09,"@ScottWapnerCNBC @Stephanie_Link @petenajarian @terranovajoe Judge, WTF did u say abt Mike Wilson being right??? I’m sorry-ur my fav show but MIKE WILSON has called for selling especially of tech, except for #AAPL is 40 dollars higher from where he FEAR MONGERED-#AMZN is 170pt up",0.0528457404322873,0.008928571428571425
131,132,2018-10-09,"How to Add, Remove, and Rearrange Menu Bar Icons in macOS Mojave https://t.co/AqrlgvJG7n #AAPL",-0.058925565098879,0.0
132,133,2018-10-09,BLOCK TRADE detected in #AAPL,-0.178885438199983,0.0
133,134,2018-10-09,"Sold my #amzn good timing, but #aapl <U+0001F622><U+0001F622><U+0001F622>",0.28347335475692,0.7
134,135,2018-10-09,"Entre las últimas recomendaciones de #AAPL (Acciones de APPLE) tenemos 3 Outperform: RBC, Baird y FBN; 1 recomienda Comprar: Monness (target 300) y 1 vender: Vertical Group (target 175). Precio actual 224.75",0.100596527190923,0.0
135,136,2018-10-09,"AmpliFi Instant Mesh Router Launches With Quick 2 Minute Setup, Starting at $100 https://t.co/kE4c4hQxbB #AAPL",0.235702260395516,0.1111111111111111
136,137,2018-10-09,#Microsoft says it can recover files lost to the Windows 10 October Update's data deletion bug - TechSpot #tech #technology #AAPL #Samsung #Google #news #WindowsUpdate  https://t.co/vBEYkaXTDT,-0.14433756729740602,0.0
137,138,2018-10-09,BofAML survey shows significant rise in iPhone upgrade interest $AAPL #apple #iPhoneXSMax #iPhoneXS #iOS #iPhoneOnVerizon #iPhoneXR #ApplePreorder_GO #iPhoneX #iphonexsgiveaway #iOSDev #MedEd #AppleEvent #Apple #iphonepreorder #iphoneonly #BoA #JPM #AAPL  https://t.co/GeWsNcZzRY,0.15666989036012802,0.375
138,139,2018-10-09,iOS 12.0.1 Update Addresses iPhone Xs Charging &amp; WiFi Issues – Ubergizmo #tech #technology #AAPL #smartphone #Intel #Engineering #news #cellphone  https://t.co/GEgrH6VR6G,-0.234742767016721,0.0
139,140,2018-10-09,Apple Pencil 2 With AirPods-Like Pairing Expected to Launch Alongside iPad Pro With Face ID https://t.co/SrfaW9vhVy #AAPL,0.305505046330389,-0.1
140,141,2018-10-09,Apogee Launches $160 Jam+ for Studio-Grade Audio Recording on macOS and iOS https://t.co/6tlCdNCUkb #AAPL,-0.24253562503633302,0.0
141,142,2018-10-09,Minecraft for Apple TV Discontinued Due to Lack of Players https://t.co/0GhiLdbMZS #AAPL,-0.34856850115866805,-0.125
142,143,2018-10-09,$PYX .. going to 100 today? Look like $TRLY cousin.. Another Pot stock runner #pyx #trly #aapl #trading #Momentum,0.0929526451505761,0.0
143,144,2018-10-09,Us stocks weekly #dowjones #sp500 #oil #msft  #bitcoin #FX #ibm #aapl #tsla #Fb  #Markets #Finance #cfd #Investing #stocks #trading advisory Via ADSS Trading Support Team 24 Hrs. #TradingYourWay #Cryptocurrencies @ADSSGROUP #OREX https://t.co/9h2cbataVO,0.0642107364039611,0.0
144,145,2018-10-09,"Join Robinhood &amp; we'll both get a stock like Apple,ATT,Zynga for free. 

https://t.co/Yf6xevZQuH

#CRONOS #bitcoin #cryptocurrency #blockchain #crypto #ethereum #HODL #eth #btc #Q #altcoin #litecoin #porn #tokens #stockmarket #invest #qanon #buythedip #tothemoon #AAPL #DOGE #ltc",0.10930324927630301,0.4
145,146,2018-10-09,#AAPL  Who is going to stop them?,-0.15118578920369102,0.0
146,147,2018-10-09,"@getongab So should #aapl remove/disallow the installation of Safari on iPhones given your instirctions to add gab via Safari? Doesnt that violate there terms of service since it allow access to your  racist, white supremacist website?",-0.0768427171660161,0.0
147,148,2018-10-08,"Apple Stops Signing iOS 11.4.1 Following iOS 12 Launch, Downgrading No Longer Possible https://t.co/jhZb1AGGMv #AAPL",-0.121267812518166,0.0
148,149,2018-10-08,How to Use Do Not Disturb While Driving https://t.co/RqpOjlmhM1 #AAPL,0.138675049056307,0.0
149,150,2018-10-08,How to Share Your Wi-Fi Password With a Friend on iPhone or iPad https://t.co/Gwx0Ijg6r2 #AAPL,0.28368325730679,0.0
150,151,2018-10-08,How to Force Restart or Hard Reset the iPhone 8 and iPhone 8 Plus https://t.co/QKVET8qTvR #AAPL,-0.200346921336188,-0.2916666666666667
151,152,2018-10-08,"@FoxNews @POTUS Dear @Leonpanetta: ""A nation of laws not men?"" Apparently #WallStreet didn't get the memo. #AAPL #MonsterMoney (2016) A film by #JodieFoster",0.0771985005461934,0.05
152,153,2018-10-08,"Apple tells Congress that China has not hacked its servers - Fox Business
#AAPL #China #Security  https://t.co/GZETYrr4mF",0.134164078649987,0.0
153,154,2018-10-08,"#fb #ba #nflx #amzn #aapl
Best holds over night",0.166666666666667,1.0
154,155,2018-10-08,Google Shuttering Google+ for Consumers After Undisclosed Data Breach https://t.co/uBFZ1BeGEK #AAPL,-0.34856850115866805,0.0
155,156,2018-10-08,Good news for #aapl https://t.co/HLWt8B3Bun,0.23717082451262803,0.7
156,157,2018-10-08,"Bot #aapl 230c oct 12 at .41
Too risky
Just a lotto",-0.15811388300841903,0.0
157,158,2018-10-08,"@CNBC @MelissaLeeCNBC @grassosteve @jimcramer YESSSS, Melissa “Sell Tech” Lee is back, that means a bottom is, see at new highs this coming Earnings or the next for all the “SellTech” names, especially #AAPL #AMZN #MSFT #GOOGL #NVDA #CRM. I GUARANTEE it!!",0.335773588060503,0.03409090909090909
158,159,2018-10-08,$AAPL FAANG Report: Apple tells US Congress no Chinese spy chips in hardware; Facebook hit by new scam https://t.co/9jzgmrJtbw via @proactive_ca  #AAPL #brighterir #stevedarling #CapitalNetwork1,0.10213243599737899,0.06818181818181818
159,160,2018-10-08,$AAPL FAANG Report: Apple tells US Congress no Chinese spy chips in hardware; Facebook hit by new scam https://t.co/zNwGsdyzCj via @proactive_NA  #AAPL #brighterir #christicorrado #CapitalNetwork1,0.10213243599737899,0.06818181818181818
160,161,2018-10-08,$AAPL FAANG Report: Apple tells US Congress no Chinese spy chips in hardware; Facebook hit by new scam https://t.co/knjqy4S6IM via @proactive_UK  #AAPL #brighterir #AndrewScottTV #CapitalNetwork1,0.0987829161147262,0.06818181818181818
161,162,2018-10-08,"Apple Releasing iOS 12.0.1 With Fixes for Wi-Fi 2.4GHz Bug, Lightning Charging Issue https://t.co/7lnGz6nZDp #AAPL",-0.34412360080584303,0.0
162,163,2018-10-08,$tsla probably be like #aapl made in china assembled in USA. $nio,0.21650635094611,0.0
163,164,2018-10-08,Yes I believe $tsla will be doing a lot of business in china.  Pretty much the next #aapl $nio,0.38650763530815296,0.15
164,165,2018-10-08,Facebook wants to spy even further on you releasing the home Portal upon news of Echo and Apple having spy chips placed by China. Great timing... #facebook #amazon #apple #aapl #fb #amzn,0.17262109498234302,0.3333333333333333
165,166,2018-10-08,iPhone XS 'BeautyGate' Test Tricks Viewers to Challenge Preconceived Notions https://t.co/qkCOHruZXR #AAPL,-0.21946905628508703,0.0
166,167,2018-10-08,Apple Inc  Reiterated Rating by Citigroup (Ranked 23rd) to Buy with $265PT $AAPL #AAPL https://t.co/DWfFaFU7hD,0.0917662935482247,0.0
167,168,2018-10-08,Good morning world. $hd $aapl get calls. Get aapl calls for Nov 2 expiration because that will be after er. #stocks #aapl #makingmoney,0.19886594505153302,0.7
168,169,2018-10-08,"SmallCap #Technology #ETF (PSCT): 
Underperforming Tremendously the #Nasdaq 100 #ETF #QQQ on a relative basis (Daily ratio of PSCT / QQQ). Broke the previous breakout Trendline (grey from March 2011)
$QQQ<U+200B> #Trading #investing #aapl #stocks #Technology #spy https://t.co/KEdUZmd9of",-0.00384748910757465,0.02333333333333333
169,170,2018-10-08,"Apple May Strike Pay-TV Partnership With UK's British Telecom, Pre-Loading Apple TVs With BT Apps https://t.co/EnozPEgU1C #AAPL",-0.0104257207028537,0.0
170,171,2018-10-08,U.K. Court Blocks Legal Action Over Google's Alleged Tracking of Safari Users https://t.co/LrW6VAxZsl #AAPL,-0.0132348375082319,0.06666666666666668
171,172,2018-10-08,"Yoink 2.0 for iOS Brings iCloud Sync, Handoff Support, Siri Shortcuts, and More https://t.co/oljhhwD5gY #AAPL",0.117851130197758,0.5
172,173,2018-10-08,Some Apple Watch Series 4 Models Caught in Reboot Loop Due to Daylight Saving Time Bug https://t.co/eDpAUqz4Dp #AAPL,0.0654653670707977,-0.125
173,174,2018-10-08,Rather be bullish at the end to a possible impulse wave (5 wave decline) than go full #bulltard on stocks like #AMZN or #AAPL,-0.218940134759929,0.175
174,175,2018-10-07,"Building passive income with dividends, first report today! Dividend Income Update #1, Over $1,000/year https://t.co/V5dWzGk9cw via @moneyvikings #dividends #goals #passiveincome #investing #Pfizer #AAPL",-0.125404013875716,0.3125
175,176,2018-10-07,"@zerohedge @JoelHeyman @zerohedge @Heavenlybot 
YEP (#SEEMS)   A CLASSIC ""#1T$-CLASS""   ASSCOVERING   #AAPL #AMZN https://t.co/ULqxgq8nFW",0.117851130197758,0.16666666666666666
176,177,2018-10-07,"@JoelHeyman @zerohedge YEP (#SEEMS)
  A CLASSIC ""#1T$-CLASS""
  ASSCOVERING
  #AAPL #AMZN https://t.co/ULqxgq8nFW",0.125,0.16666666666666666
177,178,2018-10-07,The Big Five FAANG Stock and Sector Service is now posted for Sunday https://t.co/bihMz399my       #AMZN #AAPL #FB #NFLX #TSLA #GOOGL and  Sector Funds - #IBB #IYR #XLE #XLE #XLF #XLK #XRT  #FAANG,0.0422577127364258,0.0
178,179,2018-10-07,Apple Tells Congress 'Nothing Was Ever Found' to Suggest Alleged Supply Chain-Based Hack https://t.co/PKkLGLqCVP #AAPL,-0.11470786693528098,-0.1
179,180,2018-10-07,"Popular Camera App 'Halide' Gains Smart RAW Feature for iPhone XS, Apple Watch App Update, and More https://t.co/l5AgVh1kbD #AAPL",0.30618621784789696,0.27087912087912086
180,181,2018-10-07,"If closes above $230, then upward movement will continue. So, it is good idea to wait for the break out in either direction. #AAPL #NASDAQ",0.0735154993641259,0.35
181,182,2018-10-07,"Currently trading in Supply-zone, if it breaks $215, then next support zone - ($200 - $195). RSI indicating loss of positive momentum. #AAPL #NASDAQ",0.0246040596115404,0.07575757575757576
182,183,2018-10-07,#AAPL - Apple :- Daily Uptrendline still acting as strong support - TradingView - https://t.co/zquIWhJ4pe,0.258198889747161,0.14444444444444443
183,184,2018-10-07,"Apple has publicly established that it is legally liable for all the content on its platform https://t.co/1xY4YJGBFM #lawyers #LawTech #tech #Apple #AAPL
Why do you think I called Apple shareholders ""terrorists""? #ISIS",0.14296862825841,-0.05
184,185,2018-10-07,"Join Robinhood &amp; we'll both get a stock like Apple,ATT,Zynga for free. 

https://t.co/Yf6xevZQuH 

#CRONOS #bitcoin #cryptocurrency #blockchain #crypto #ethereum #HODL #eth #btc #Q #altcoin #litecoin #porn #tokens #stockmarket #invest #qanon #buythedip #tothemoon #AAPL #DOGE #ltc",0.10930324927630301,0.4
185,186,2018-10-07,"APPLE - Weekly Chart - (7th Oct 2018)
 Support 1 - 215, Support 2 - 195
#AAPL #NASDAQ https://t.co/hV0FGQGj4X",0.258198889747161,0.0
186,187,2018-10-07,"#Apple : 
Into a Daily Megaphone Trading Pattern (grey trendlines). Bulls need ideally to stay above the 50 DMA (Day Moving Average- red line). Observe the low trading volume (bottom area). 
$AAPL #Trading #investing #aapl https://t.co/ypkEXhORRE",0.0764256879259341,0.09999999999999999
187,188,2018-10-07,You’d be STUPID not to trust this man!!! He’s just dripping with honesty and believability!!! #AAPL #CNBC,0.0713214865938367,-1.0
188,189,2018-10-07,Remember a head tilted at that angle accompanied by an expression of doubt with a shade of self-importance is the best indicator of brilliance and accuracy you can ever get! You should absolutely bet your money on it if you had an iota of intelligence! #AAPL #CNBC https://t.co/yIGaKnUCLH,0.20743096903157202,0.625
189,190,2018-10-07,"#Technology Sector #ETF #XLK 
Still Into a Weekly Megaphone Trading Pattern (red trendlines). Weekly Bearish Engulfing Pattern (ellipse) last week. Observe the high trading volume lately (bottom bars). 
#Investing #risk #SP500 #stocks #aapl https://t.co/z4SolvDVhe",-0.177920858316725,-0.034999999999999996
190,191,2018-10-07,#eStocks share price performance #chart: #NFLX v #AMZN v #MSFT v #AAPL v #TWTR v #GOOG v #FB (10 months). https://t.co/KLWy7866z0 #1ab #Netflix #Amazon #Microsoft #Apple #Twitter #Google #Alphabet #Facebook #phones #tablets #SocialMedia #surveillance #privacy #e #crypto #LA #CA https://t.co/wmv2Wb6bWN,0.0660980126063424,0.0
191,192,2018-10-07,"macOS 10.14 Mojave | Is Mojave worth the upgrade? Well, yeah, duh. #AAPL  https://t.co/VZFI9kUnZj",0.26313828766887803,0.0
192,193,2018-10-07,"Join Robinhood &amp; we'll both get a stock like Apple,ATT,Zynga for free. 

https://t.co/Yf6xevZQuH

#CRONOS #bitcoin #cryptocurrency #blockchain #crypto #ethereum #HODL #eth #btc #Q #altcoin #litecoin #porn #tokens #stockmarket #invest #qanon #buythedip #tothemoon #AAPL #DOGE #ltc",0.10930324927630301,0.4
193,194,2018-10-07,Department of Homeland Security Has 'No Reason to Doubt' Apple's Denial of Supply Chain Compromise https://t.co/ArOOBIxsys #AAPL,0.0559016994374947,0.0
194,195,2018-10-06,@AppleSupport I have submitted a DM. Hope to hear back.. #AAPL #APPLE #TECH #PRODCUTS #USA #CUSTOMERSUPPORT #CUSTOMERSERVICE,0.12206154683786201,0.0
195,196,2018-10-06,"iFixit Indicates Third-Party 2018 MacBook Pro, iMac Pro Repairs Still Possible for Now https://t.co/XYSV9kIJO3 #AAPL",0.458831467741123,0.0
196,197,2018-10-06,"$AAPL - Short term bull, but watch out below!  - #AAPL chart https://t.co/ewXCoqAYDN",-0.19292925211648698,0.0
197,198,2018-10-06,"$AAPL - Short term bullish, but watch out below! - #AAPL chart https://t.co/iC8vf7HMx8",-0.154343401693189,0.0
198,199,2018-10-06,NFLX daily review. Buy dips soon - into late october. See chart for detailed trading plan with SL/TP. High quality setup. up to 40% upside. Will run into end of Q4 2018. BTFD until further notice #nflx #aapl #amzn #qqq #spy #amd #nvda https://t.co/PFuyg0dyy0,0.14236296908220497,0.052000000000000005
199,200,2018-10-06,QQQ daily update. Load dips soon. entry/SL/TP - see chart. Bullish into November until end of Q4 2018. Bullish behavior. BTFD until further notice. #qqq #aapl #spy #dia #nvda #amd #amzn https://t.co/caQdmmYsQU,-0.26000892347280896,0.0
200,201,2018-10-06,"NVDA update. Load dips soon. great upside coming Q4-Q1 2019. Bullish setup.
SL/TP see chart. Good luck, traders! #nvda #bitcoin #ripple #spy #qqq #aapl https://t.co/P1I7pKiwMS",0.12274336508945599,0.8375
201,202,2018-10-06,"SmallCap #Technology #ETF (PSCT): 
Underperforming Tremendously the #Nasdaq 100 #ETF #QQQ on a relative basis (Daily ratio of PSCT / QQQ). Broke the previous breakout Trendline (grey from March 2011)
$QQQ<U+200B> #Trading #investing #aapl #stocks #Technology #spy https://t.co/AKbLcVAWWu",-0.00573539334676405,0.02333333333333333
202,203,2018-10-06,"#Nasdaq 100 #ETF #QQQ 
Still into a Weekly Uptrend Channel. Weekly Bearish Engulfing Pattern last week (ellipse)
$QQQ<U+200B> #Trading #investing #aapl #stocks #Technology #spy https://t.co/MIKzJjiJpJ",-0.14791242662264,0.0
203,204,2018-10-06,"@MehdiNPartDeux @HFTAlert And #aapl jumped 11 points since the post of this fraudster claiming it would ""dump"". HAHA. If you listen to one word this fraudster says #SEC you will be bilked out of all your money #americangreed",-0.163966024616263,0.05
204,205,2018-10-06,"BT Is Worried Apple and Amazon Will Take Its Customers
Bloomberg - 1d ago $AAPL #IT #Telecommunications #telecom #services #carriersworld #Tech #TechNews #iosdev #MedEd #SmartNews #iPhoneOnVerizon #iPhoneXSMax #iPhoneXS #AI #iPhoneXR #Apple #AAPL #ML #ipad https://t.co/pkVRvwwxYk",-0.123299240479018,0.0
205,206,2018-10-06,"As they say,  never say never...Not necessarily true for last statement. .@option_snipper as I am sure people may have thought the same for #SteveJobs in #AAPL Apple's early days of its growth.. Look how he came back and just surpassed beyond anyone's imagined expectations <U+0001F64F><U+0001F64F><U+0001F64F> https://t.co/9jy93M3aKZ",0.0881233404530661,0.15833333333333333
206,207,2018-10-05,$AAPL finally went down a little in last 2 days and $DIA went down about 300+ at one point today.. $AAPL did manage to make a Hammer candle on Daily.. not sure if it will hold on Monday though #aapl #spx #dia #trading #futures #cme https://t.co/G0RpIGtbYe,0.0779409546757898,-0.10694444444444444
207,208,2018-10-05,"We seem to be reaching a critical level here. 
.
.
#technicalanalysis #daytrading #daytrader #spy #apple #aapl #tippingpoint #becareful #trendlines $AAPL $SPY https://t.co/nWXGVlPdfO https://t.co/xVD5ugtlIQ",-0.0306174151755071,0.0
208,209,2018-10-05,David Einhorn dumps #Apple on fear of 'Chinese retaliation against America's trade policies'. #aapl https://t.co/4byKpdBZcS,-0.37836539280185705,0.0
209,210,2018-10-05,$AAPL Apple and Amazon refute Bloomberg allegations of hardware hack by Chinese spies https://t.co/Lad8Mw6DSK via @proactive_uk  #AAPL #brighterir #AndrewScottTV #CapitalNetwork1,-0.23533936216582102,0.0
210,211,2018-10-05,Hands-On With the New Nike+ Apple Watch Series 4 https://t.co/dplZVwYlv0 #AAPL,0.21380899352993998,0.13636363636363635
211,212,2018-10-05,Apple's Former Legal Chief Bruce Sewell Says FBI 'Never Heard' of Supermicro Allegations Last Year https://t.co/uhCETK15nd #AAPL,-0.120019839629796,0.06666666666666667
212,213,2018-10-05,"$AAPL slips to lowest close since September 26th: https://t.co/rfFj2ULDQG
Sentiment: Slightly bearish #AAPL #Apple",-0.22391714737574,-0.16666666666666666
213,214,2018-10-05,AnandTech Calls A12 Bionic in iPhone XS 'Just Margins Off' Best Desktop CPUs in New Review https://t.co/Jc9LeGyeME #AAPL,0.277160931262294,0.5681818181818181
214,215,2018-10-05,MacRumors Giveaway: Win a Black Leather Apple Watch Band From Southern Straps https://t.co/XIbXySNoh4 #AAPL,0.0606339062590832,0.21111111111111114
215,216,2018-10-05,Apple Inc is doomed. $AAPL dropped by 2.8466%! Currently priced at 221.5. https://t.co/3BFG3rvRUR #AAPL,-0.22963061381630398,0.0
216,217,2018-10-05,"@elonmusk I think it is a good time to partner with #aapl or #googl on autonomous driving, mobility as a service &amp; manufacturing because you could manufacture cheaper then any ICE makers. Just a discussion could push stock to $400. @GerberKawasaki",0.249962481428987,0.55
217,218,2018-10-05,"President/CEO @PeterAngood of @PhysiciansLead talks with physicians, PAs, NPs and ARNPs as part of our new relationship w/ @Healogics and its commitment to leadership across its organization. #PhysiciansLead #Healogics #AAPL https://t.co/CsneYJcteP",0.175312539174417,0.13636363636363635
218,219,2018-10-05,#AAPL - APPLE LOOK LIKE TOP DONE - TradingView - https://t.co/NOILpQn5t2,0.43301270189221897,0.5
219,220,2018-10-05,"https://t.co/tAXLtoxKOG Another reason to invest in AAPL (Apple):  Not only did CEO, but many employees support Liberal agendas in politics with DONATIONS #AAPL #Apple #supportDems #VoteRepublicansOut",0.34167942224577597,0.25
220,221,2018-10-05,Apple Stores in Europe Offering Free Coding Sessions for Code Week https://t.co/Cw8kHNZdXG #AAPL,0.121267812518166,0.4
221,222,2018-10-05,Apple Pay is 'Coming Soon' in Saudi Arabia https://t.co/D2LVZR56Ph #AAPL,-0.0258198889747161,0.0
222,223,2018-10-05,UK's Cyber Security Agency Supports Apple's Denial of China Having Infiltrated iCloud Servers https://t.co/r3NKq11pwJ #AAPL,-0.190065778087482,0.0
223,224,2018-10-05,Amazon Alexa App Gains Redesigned Interface for Controlling Devices and Groups https://t.co/HqDnpLAmlb #AAPL,0.125,0.0
224,225,2018-10-05,Apple Watch Nike+ Series 4 Launches With Limited Quantities Available in Store https://t.co/rcjq2SZioy #AAPL,0.0121267812518167,0.1642857142857143
225,226,2018-10-05,"Apple Watch Series 4 Review: A Giant Leap
Gizmodo - 12h ago $AAPL #IT #WearableTech #wearableart #wearables #wearable #art #AI #AppleWatchSeries4 #watchOS #AppleWatch #AppleEvent #ML #iosdev #mededchat #MedEd #ApplePreorder_GO #watchos5 #applenews #AAPL #i https://t.co/0llRM3iR1T",0.0973328526784575,0.0
226,227,2018-10-05,$FUSZ Great article by @insightssuccess on @nFuszInc &amp; @RoryCutaia    https://t.co/A5RG7rzblC This #Tech Co is a MUST BUY &amp; HOLD #CRM #AI #SaaS #CloudComputing #Cloud #Marketing #DigitalMarketing $AMZN #FB #AAPL $MSFT #TSLA #AMZN #CRM $QQQ $SPY $FTV $V $BSV $NFLX $GOOGL $BABA,0.0368604890387243,0.8
227,228,2018-10-05,Instagram Testing Feature That Would Provide Location History to Facebook https://t.co/PMZHUnlCMd #AAPL,0.20655911179772898,0.0
228,229,2018-10-04,A Look at All of the New Emoji Coming in iOS 12.1 https://t.co/865reUPjW0 #AAPL,0.2,0.13636363636363635
229,230,2018-10-04,Apple Further Refutes Bloomberg Report Suggesting Chinese Spies Tampered With iCloud Servers https://t.co/zvnD5hD8XF #AAPL,-0.0917662935482247,0.0
230,231,2018-10-04,"$AAPL breaks below prior session low: https://t.co/pSwSrNmtfo
Sentiment: Neutral #AAPL #Apple",-0.10690449676496999,0.0
231,232,2018-10-04,"#supermicro report by #bloomberg is highly concerning, stringently and unambiguously denied by #AAPL, #AMZN, China.  If true, consequences for tech supply chain could be dire; if false, a huge journalistic malfeasance by #bloomberg",-0.669258997409917,0.1275
232,233,2018-10-04,"iOS 12 Now Installed on 46% of Devices, Close to Overtaking iOS 11 https://t.co/CgN5g3QSOI #AAPL",-0.19402850002906602,0.0
233,234,2018-10-04,Photography App Darkroom Gains Support for iOS 12 and New iPhones https://t.co/CX9a2Swtl7 #AAPL,0.43656412506539893,0.13636363636363635
234,235,2018-10-04,"Chinese spy chips are found in hardware used by #Apple , #Amazon , Bloomberg says #AAPL #AMZN #SMCI #FB https://t.co/rNSjy1wjGv",0.127920429813366,0.0
235,236,2018-10-04,iMac Pro and 2018 MacBook Pro Systems Must Pass Apple Diagnostics to Function After Certain Repairs https://t.co/kRvxO1QScw #AAPL,0.7855844048495729,0.21428571428571427
236,237,2018-10-04,Instagram Launches New 'Nametag' Feature for Adding Friends IRL https://t.co/wjJ1BniAZL #AAPL,0.20655911179772898,0.13636363636363635
237,238,2018-10-04,I kept telling my MSP Family chartist to look at the Daily Charts - MSP ALGO was warning us since Mon . #SPY #AAPL #AMZN #GOOGL etc BOOM!,-0.137551357530267,0.0
238,239,2018-10-04,#AAPL (iPHONE) Apple Ahead Bearish Mode With $236.10 Sell stop &amp; tgt. Open https://t.co/DD9SPB47KO,-0.0987183714172491,0.0
239,240,2018-10-04,"@HalftimeReport If some of these tech co reclaim major support or bullishly engulf today, then watch out for #QQQ #AAPL #MSFT #GOOGL #AMZN #ADBE and many others #NVDA #AMD etc. Wonder if @ReformedBroker would agree- technically speaking https://t.co/ynczUNnSCg",0.358499793163738,0.1875
240,241,2018-10-04,"@terranovajoe @petenajarian @ScottWapnerCNBC @ReformedBroker There’s a good flush in tech, and although every pundit for the most part on @CNBC says to sell tech for years, I suggest to your viewers to buy the #AAPL #AMZN #GOOGL #MSFT #ADBE #NVDA, secular shifts not stopping...",0.111803398874989,0.6
241,242,2018-10-04,Why Apple Stock Remains a Buy Despite Reaching a New High $AAPL #AAPL https://t.co/LrkGsFS5kP,0.339411254969543,0.1481818181818182
242,243,2018-10-04,Apple and Amazon refute Bloomberg allegations of hardware hack by Chinese spies https://t.co/nSMui1Ls1o via @proactive_uk  #AAPL #brighterir #AndrewScottTV #CapitalNetwork1,-0.24,0.0
243,244,2018-10-04,Apple Inc is doomed. $AAPL dropped by 1.0234%! Currently priced at 229.695. https://t.co/3BFG3rvRUR #AAPL,-0.22963061381630398,0.0
244,245,2018-10-04,AAPL Stock Poll : Buy or Sell ? Please Cast Your Vote - #AAPL chart https://t.co/QDLXl1rt2v,0.157526074714055,0.0
245,246,2018-10-04,"#aapl UT Daily. We broke up range 215-230, is it a fake break up ? Probably. TO find the complete analyse with TP click here <U+27A1> https://t.co/46Z0cvAQyf https://t.co/7OrJgupwA8",-0.363077880081025,-0.13333333333333333
246,247,2018-10-04,Apple Denies Report Claiming China Planted Microchips in iCloud Servers https://t.co/5rC7MnmKtM #AAPL,-0.125,0.0
247,248,2018-10-04,#AAPL - Apple's Parabolic Advance - TradingView - https://t.co/H7sJnAS3HA,0.24120907566221103,0.0
248,249,2018-10-04,Yahoo Debuts New 'Yahoo Together' Group Messaging App https://t.co/HqIhxiQpaH #AAPL,0.22188007849009198,0.13636363636363635
249,250,2018-10-04,Adobe Unveils Photoshop and Premiere Elements 2019 https://t.co/VZFoeQQq2M #AAPL,0.173205080756888,0.0
250,251,2018-10-04,"BBC Radio DJ Charlie Sloth Leaving Company After 10 Years, Reportedly Headed to Apple Music https://t.co/opz3k8Vjb0 #AAPL",0.0218217890235992,0.0
251,252,2018-10-04,Apple Earns Top Spot as World's Most Valuable Brand for Sixth Consecutive Year https://t.co/MtOhB5EsBC #AAPL,0.6194224814505171,0.5
252,253,2018-10-04,How to Stop Receiving Beta Updates for macOS Mojave https://t.co/jerC91YVjc #AAPL,0.0516397779494322,0.0
253,254,2018-10-04,$AAPL Apple and Amazon refute Bloomberg allegations of hardware hack by Chinese spies https://t.co/JzbeDElrci via @proactive_NA  #AAPL #brighterir #christicorrado #CapitalNetwork1,-0.244948974278318,0.0
254,255,2018-10-04,The Big Hack: How China Used a Tiny Chip to Infiltrate U.S. Companies - enemy China <U+2066>@ftchina<U+2069> <U+2066>@XHNews<U+2069> <U+2066>@ReutersChina<U+2069> #AMZN #AAPL  https://t.co/uYYs5lmwQ7,-0.17334381132038398,0.0
255,256,2018-10-04,iPhoneAddict : AAPL atteint un nouveau record dans la foulée du lancement des iPhone XS/XS Max #Apple #AAPL #Bourse #Finance https://t.co/LGzGWvhT8R,-0.147087101353638,0.0
256,257,2018-10-04,"Chinese spy chips are said to be found in hardware used by Apple, Amazon; Apple denies the Bloomberg report. #aapl #amzn  https://t.co/BtFeJ6tMRp",0.0125189029824127,0.0
257,258,2018-10-04,Everything Looks Sweet With $AAPL - or is it Souring? - #AAPL chart https://t.co/efc2bVkFOr,0.13642158246081698,0.35
258,259,2018-10-04,'Sid Meier's Civilization VI' Expands to the iPhone https://t.co/liWnJ6ig6U #AAPL,0.258198889747161,0.0
259,260,2018-10-04,$ES_F - no buyers so far.. may be a real down day is coming tomorrow.. who knows - a lot of head fakes so far.. But at this time -- look like 2900 area possible.. currently at 2918 #es_f #trading #futures #cme #spx #aapl,0.0540501655285367,-0.006666666666666677
